DEPTH,PORHE,PORFLU,NPHI,RHOB
1571.1,0.27,0.0,0.173098,2.2637
1572.0,0.316,0.0,0.193891,2.3737
1572.5,0.308,0.0,0.238711,2.2328
1573.1,0.297,0.0,0.236551,2.2169
1586.0,0.229,0.0,0.102715,2.4683
